id,sta,ymd,ydec,doy,x,y,z,zone,utm_e,utm_n,lat,lon,ell_h,msl_h
PKET001,PKET,2020-01-01 00:00:00,2020.0027322,1,-922365.11126,6250473.36396,869690.38296,47,433244.0757,872144.4513,7.889627412016,98.394397586138,0.1519,24.7508
PKET002,PKET,2020-01-02 00:00:00,2020.0054645,2,-922365.11482,6250473.36290,869690.38212,47,433244.0794,872144.4505,7.889627405152,98.394397619449,0.1513,24.7501
PKET003,PKET,2020-01-03 00:00:00,2020.0081967,3,-922365.11092,6250473.35645,869690.38001,47,433244.0765,872144.4494,7.889627394896,98.394397593003,0.1441,24.7430
PKET004,PKET,2020-01-04 00:00:00,2020.0109290,4,-922365.10805,6250473.35834,869690.37680,47,433244.0733,872144.4460,7.889627364278,98.394397564752,0.1451,24.7440
PKET005,PKET,2020-01-05 00:00:00,2020.0136612,5,-922365.11268,6250473.36297,869690.38162,47,433244.0772,872144.4501,7.889627400947,98.394397600200,0.1510,24.7498
PKET006,PKET,2020-01-06 00:00:00,2020.0163934,6,-922365.11249,6250473.35665,869690.38294,47,433244.0780,872144.4522,7.889627420581,98.394397606844,0.1450,24.7438
PKET007,PKET,2020-01-07 00:00:00,2020.0191257,7,-922365.11283,6250473.36063,869690.38433,47,433244.0777,872144.4531,7.889627428048,98.394397604654,0.1491,24.7479
PKET008,PKET,2020-01-08 00:00:00,2020.0218579,8,-922365.11209,6250473.35887,869690.38152,47,433244.0773,872144.4506,7.889627405238,98.394397600296,0.1469,24.7457
PKET009,PKET,2020-01-09 00:00:00,2020.0245902,9,-922365.11052,6250473.35856,869690.38179,47,433244.0758,872144.4509,7.889627408300,98.394397586628,0.1464,24.7452
PKET010,PKET,2020-01-10 00:00:00,2020.0273224,10,-922365.11002,6250473.36413,869690.38447,47,433244.0744,872144.4528,7.889627425523,98.394397574762,0.1521,24.7510
PKET011,PKET,2020-01-11 00:00:00,2020.0300546,11,-922365.11428,6250473.35736,869690.38389,47,433244.0796,872144.4531,7.889627427896,98.394397621931,0.1460,24.7449
PKET012,PKET,2020-01-12 00:00:00,2020.0327869,12,-922365.11142,6250473.36046,869690.38221,47,433244.0764,872144.4510,7.889627409552,98.394397592235,0.1484,24.7473
PKET013,PKET,2020-01-13 00:00:00,2020.0355191,13,-922365.11228,6250473.36562,869690.38193,47,433244.0765,872144.4500,7.889627400600,98.394397593134,0.1536,24.7524
PKET014,PKET,2020-01-14 00:00:00,2020.0382514,14,-922365.11094,6250473.35680,869690.38230,47,433244.0764,872144.4516,7.889627414901,98.394397592714,0.1448,24.7436
PKET015,PKET,2020-01-15 00:00:00,2020.0409836,15,-922365.11136,6250473.34979,869690.38179,47,433244.0779,872144.4521,7.889627418926,98.394397605831,0.1379,24.7367
PKET016,PKET,2020-01-16 00:00:00,2020.0437158,16,-922365.11191,6250473.36334,869690.38558,47,433244.0764,872144.4540,7.889627436085,98.394397592759,0.1518,24.7506
PKET017,PKET,2020-01-17 00:00:00,2020.0464481,17,-922365.11139,6250473.36122,869690.38355,47,433244.0762,872144.4523,7.889627420592,98.394397590962,0.1494,24.7482
PKET018,PKET,2020-01-18 00:00:00,2020.0491803,18,-922365.10901,6250473.34970,869690.38127,47,433244.0756,872144.4516,7.889627414822,98.394397584852,0.1374,24.7362
PKET019,PKET,2020-01-19 00:00:00,2020.0519126,19,-922365.11146,6250473.36451,869690.38259,47,433244.0758,872144.4509,7.889627407945,98.394397587177,0.1525,24.7513
PKET020,PKET,2020-01-20 00:00:00,2020.0546448,20,-922365.11354,6250473.35688,869690.38027,47,433244.0790,872144.4495,7.889627396145,98.394397615991,0.1450,24.7438
PKET021,PKET,2020-01-21 00:00:00,2020.0573770,21,-922365.10980,6250473.35743,869690.38050,47,433244.0752,872144.4498,7.889627398228,98.394397581661,0.1450,24.7438
PKET022,PKET,2020-01-22 00:00:00,2020.0601093,22,-922365.11481,6250473.36875,869690.38330,47,433244.0785,872144.4509,7.889627408553,98.394397611634,0.1572,24.7560
PKET023,PKET,2020-01-23 00:00:00,2020.0628415,23,-922365.11103,6250473.34856,869690.38156,47,433244.0777,872144.4520,7.889627418410,98.394397604472,0.1366,24.7355
PKET024,PKET,2020-01-24 00:00:00,2020.0655738,24,-922365.10993,6250473.36670,869690.38285,47,433244.0740,872144.4508,7.889627407846,98.394397570599,0.1544,24.7533
PKET025,PKET,2020-01-25 00:00:00,2020.0683060,25,-922365.10853,6250473.36233,869690.38319,47,433244.0732,872144.4518,7.889627416535,98.394397563829,0.1500,24.7488
PKET026,PKET,2020-01-26 00:00:00,2020.0710383,26,-922365.11592,6250473.36894,869690.38196,47,433244.0796,872144.4495,7.889627396123,98.394397621382,0.1574,24.7562
PKET027,PKET,2020-01-27 00:00:00,2020.0737705,27,-922365.11399,6250473.36320,869690.38464,47,433244.0785,872144.4530,7.889627427461,98.394397611645,0.1518,24.7507
PKET028,PKET,2020-01-28 00:00:00,2020.0765027,28,-922365.10979,6250473.35978,869690.38334,47,433244.0749,872144.4523,7.889627420791,98.394397578489,0.1477,24.7465
PKET029,PKET,2020-01-29 00:00:00,2020.0792350,29,-922365.11085,6250473.36138,869690.38145,47,433244.0757,872144.4502,7.889627401688,98.394397585899,0.1492,24.7480
PKET030,PKET,2020-01-30 00:00:00,2020.0819672,30,-922365.11529,6250473.36448,869690.38464,47,433244.0796,872144.4528,7.889627425710,98.394397621569,0.1533,24.7521
PKET031,PKET,2020-01-31 00:00:00,2020.0846995,31,-922365.11307,6250473.35405,869690.38042,47,433244.0789,872144.4501,7.889627401097,98.394397615519,0.1421,24.7410
PKET032,PKET,2020-02-01 00:00:00,2020.0874317,32,-922365.11003,6250473.35039,869690.37839,47,433244.0765,872144.4486,7.889627387991,98.394397593066,0.1378,24.7367
PKET033,PKET,2020-02-02 00:00:00,2020.0901639,33,-922365.11134,6250473.35888,869690.38055,47,433244.0765,872144.4496,7.889627396681,98.394397593544,0.1467,24.7455
PKET034,PKET,2020-02-03 00:00:00,2020.0928962,34,-922365.11160,6250473.36071,869690.38098,47,433244.0765,872144.4498,7.889627398200,98.394397593479,0.1485,24.7474
PKET035,PKET,2020-02-04 00:00:00,2020.0956284,35,-922365.11424,6250473.36367,869690.38358,47,433244.0787,872144.4519,7.889627417400,98.394397613248,0.1522,24.7510
PKET036,PKET,2020-02-05 00:00:00,2020.0983607,36,-922365.11143,6250473.36027,869690.38205,47,433244.0764,872144.4509,7.889627408387,98.394397592521,0.1482,24.7471
PKET037,PKET,2020-02-06 00:00:00,2020.1010929,37,-922365.11279,6250473.36051,869690.38334,47,433244.0777,872144.4521,7.889627419333,98.394397604454,0.1488,24.7477
PKET038,PKET,2020-02-07 00:00:00,2020.1038251,38,-922365.10773,6250473.35118,869690.38231,47,433244.0741,872144.4525,7.889627422496,98.394397571383,0.1388,24.7377
PKET039,PKET,2020-02-08 00:00:00,2020.1065574,39,-922365.11320,6250473.35960,869690.38314,47,433244.0783,872144.4520,7.889627418650,98.394397609266,0.1480,24.7468
PKET040,PKET,2020-02-09 00:00:00,2020.1092896,40,-922365.11216,6250473.35697,869690.38499,47,433244.0776,872144.4542,7.889627438621,98.394397603456,0.1455,24.7443
PKET041,PKET,2020-02-10 00:00:00,2020.1120219,41,-922365.11134,6250473.35761,869690.38180,47,433244.0767,872144.4510,7.889627409413,98.394397595283,0.1456,24.7444
PKET042,PKET,2020-02-11 00:00:00,2020.1147541,42,-922365.11134,6250473.36963,869690.38208,47,433244.0750,872144.4497,7.889627397103,98.394397579381,0.1574,24.7562
PKET043,PKET,2020-02-12 00:00:00,2020.1174863,43,-922365.11013,6250473.35390,869690.37805,47,433244.0760,872144.4478,7.889627380590,98.394397589329,0.1413,24.7401
PKET044,PKET,2020-02-13 00:00:00,2020.1202186,44,-922365.10898,6250473.35234,869690.38050,47,433244.0751,872144.4505,7.889627404663,98.394397581071,0.1399,24.7387
PKET045,PKET,2020-02-14 00:00:00,2020.1229508,45,-922365.11349,6250473.36120,869690.37931,47,433244.0783,872144.4480,7.889627382296,98.394397609830,0.1491,24.7479
PKET046,PKET,2020-02-15 00:00:00,2020.1256831,46,-922365.10946,6250473.35071,869690.38002,47,433244.0758,872144.4502,7.889627402281,98.394397587491,0.1383,24.7371
PKET047,PKET,2020-02-16 00:00:00,2020.1284153,47,-922365.11384,6250473.36548,869690.38047,47,433244.0780,872144.4486,7.889627387354,98.394397607276,0.1535,24.7523
PKET048,PKET,2020-02-17 00:00:00,2020.1311475,48,-922365.11055,6250473.35589,869690.37897,47,433244.0762,872144.4485,7.889627386283,98.394397590481,0.1434,24.7422
PKET049,PKET,2020-02-18 00:00:00,2020.1338798,49,-922365.11419,6250473.36376,869690.38046,47,433244.0786,872144.4488,7.889627389282,98.394397612657,0.1518,24.7507
PKET051,PKET,2020-02-20 00:00:00,2020.1393443,51,-922365.10977,6250473.35381,869690.37832,47,433244.0757,872144.4481,7.889627383156,98.394397586255,0.1411,24.7400
PKET052,PKET,2020-02-21 00:00:00,2020.1420765,52,-922365.11477,6250473.35908,869690.38246,47,433244.0799,872144.4514,7.889627412922,98.394397624046,0.1476,24.7464
PKET053,PKET,2020-02-22 00:00:00,2020.1448087,53,-922365.11669,6250473.35946,869690.38368,47,433244.0817,872144.4525,7.889627422974,98.394397640794,0.1484,24.7473
PKET054,PKET,2020-02-23 00:00:00,2020.1475410,54,-922365.11148,6250473.35021,869690.38034,47,433244.0779,872144.4506,7.889627405345,98.394397606322,0.1381,24.7370
PKET055,PKET,2020-02-24 00:00:00,2020.1502732,55,-922365.11407,6250473.35927,869690.38042,47,433244.0792,872144.4494,7.889627394470,98.394397617546,0.1474,24.7462
PKET056,PKET,2020-02-25 00:00:00,2020.1530055,56,-922365.11318,6250473.36127,869690.37833,47,433244.0780,872144.4470,7.889627373451,98.394397606937,0.1490,24.7478
PKET057,PKET,2020-02-26 00:00:00,2020.1557377,57,-922365.11377,6250473.36087,869690.38034,47,433244.0786,872144.4491,7.889627391827,98.394397612754,0.1489,24.7478
PKET058,PKET,2020-02-27 00:00:00,2020.1584699,58,-922365.11465,6250473.36424,869690.38047,47,433244.0790,872144.4487,7.889627388753,98.394397616155,0.1524,24.7512
PKET059,PKET,2020-02-28 00:00:00,2020.1612022,59,-922365.11523,6250473.35715,869690.37902,47,433244.0806,872144.4482,7.889627384381,98.394397630720,0.1453,24.7441
PKET060,PKET,2020-02-29 00:00:00,2020.1639344,60,-922365.11288,6250473.36096,869690.37952,47,433244.0777,872144.4483,7.889627384585,98.394397604656,0.1488,24.7476
PKET061,PKET,2020-03-01 00:00:00,2020.1666667,61,-922365.11252,6250473.35529,869690.37925,47,433244.0782,872144.4488,7.889627389202,98.394397608873,0.1431,24.7420
PKET062,PKET,2020-03-02 00:00:00,2020.1693989,62,-922365.11168,6250473.35389,869690.37624,47,433244.0776,872144.4460,7.889627364121,98.394397603253,0.1412,24.7401
PKET063,PKET,2020-03-03 00:00:00,2020.1721311,63,-922365.11198,6250473.35957,869690.38072,47,433244.0771,872144.4497,7.889627397215,98.394397598437,0.1474,24.7463
PKET064,PKET,2020-03-04 00:00:00,2020.1748634,64,-922365.11333,6250473.36895,869690.38199,47,433244.0770,872144.4496,7.889627396780,98.394397598072,0.1570,24.7558
PKET065,PKET,2020-03-05 00:00:00,2020.1775956,65,-922365.11156,6250473.35755,869690.38031,47,433244.0769,872144.4495,7.889627396084,98.394397597310,0.1453,24.7442
PKET066,PKET,2020-03-06 00:00:00,2020.1803279,66,-922365.11508,6250473.36679,869690.38177,47,433244.0791,872144.4497,7.889627397201,98.394397616655,0.1551,24.7539
PKET067,PKET,2020-03-07 00:00:00,2020.1830601,67,-922365.11533,6250473.36247,869690.38116,47,433244.0799,872144.4496,7.889627396987,98.394397624652,0.1508,24.7497
PKET068,PKET,2020-03-08 00:00:00,2020.1857923,68,-922365.11663,6250473.35686,869690.38099,47,433244.0820,872144.4502,7.889627402092,98.394397643722,0.1455,24.7443
PKET069,PKET,2020-03-09 00:00:00,2020.1885246,69,-922365.11686,6250473.36867,869690.38329,47,433244.0806,872144.4509,7.889627408154,98.394397630154,0.1574,24.7563
PKET070,PKET,2020-03-10 00:00:00,2020.1912568,70,-922365.11447,6250473.35304,869690.37744,47,433244.0805,872144.4472,7.889627375397,98.394397629426,0.1410,24.7398
PKET071,PKET,2020-03-11 00:00:00,2020.1939891,71,-922365.11234,6250473.36143,869690.37839,47,433244.0771,872144.4471,7.889627373975,98.394397599140,0.1490,24.7478
PKET072,PKET,2020-03-12 00:00:00,2020.1967213,72,-922365.11205,6250473.35092,869690.37668,47,433244.0784,872144.4468,7.889627371592,98.394397610517,0.1384,24.7373
PKET073,PKET,2020-03-13 00:00:00,2020.1994536,73,-922365.11177,6250473.35677,869690.37899,47,433244.0772,872144.4483,7.889627385196,98.394397600199,0.1444,24.7433
PKET074,PKET,2020-03-14 00:00:00,2020.2021858,74,-922365.11608,6250473.35716,869690.37960,47,433244.0815,872144.4488,7.889627389405,98.394397638408,0.1455,24.7444
PKET075,PKET,2020-03-15 00:00:00,2020.2049180,75,-922365.11124,6250473.34713,869690.37774,47,433244.0781,872144.4484,7.889627385878,98.394397608287,0.1347,24.7336
PKET076,PKET,2020-03-16 00:00:00,2020.2076503,76,-922365.11542,6250473.36449,869690.37891,47,433244.0797,872144.4471,7.889627374276,98.394397622783,0.1525,24.7513
PKET077,PKET,2020-03-17 00:00:00,2020.2103825,77,-922365.11242,6250473.35780,869690.38142,47,433244.0777,872144.4506,7.889627405515,98.394397604654,0.1459,24.7447
PKET078,PKET,2020-03-18 00:00:00,2020.2131148,78,-922365.11156,6250473.35739,869690.38216,47,433244.0770,872144.4514,7.889627412809,98.394397597507,0.1454,24.7443
PKET079,PKET,2020-03-19 00:00:00,2020.2158470,79,-922365.11123,6250473.36022,869690.38053,47,433244.0762,872144.4494,7.889627394856,98.394397590856,0.1479,24.7468
PKET080,PKET,2020-03-20 00:00:00,2020.2185792,80,-922365.11212,6250473.35397,869690.37959,47,433244.0780,872144.4493,7.889627393947,98.394397607083,0.1418,24.7406
PKET081,PKET,2020-03-21 00:00:00,2020.2213115,81,-922365.11465,6250473.36187,869690.37878,47,433244.0794,872144.4474,7.889627376516,98.394397619308,0.1498,24.7486
PKET082,PKET,2020-03-22 00:00:00,2020.2240437,82,-922365.11300,6250473.36373,869690.38158,47,433244.0775,872144.4499,7.889627399565,98.394397602050,0.1518,24.7506
PKET083,PKET,2020-03-23 00:00:00,2020.2267760,83,-922365.11340,6250473.35628,869690.37827,47,433244.0789,872144.4476,7.889627378994,98.394397615545,0.1441,24.7429
PKET084,PKET,2020-03-24 00:00:00,2020.2295082,84,-922365.11221,6250473.36232,869690.38242,47,433244.0769,872144.4510,7.889627408974,98.394397596848,0.1504,24.7492
PKET085,PKET,2020-03-25 00:00:00,2020.2322404,85,-922365.11589,6250473.35915,869690.37667,47,433244.0810,872144.4456,7.889627360725,98.394397634066,0.1470,24.7459
PKET086,PKET,2020-03-26 00:00:00,2020.2349727,86,-922365.11226,6250473.35612,869690.37789,47,433244.0778,872144.4473,7.889627376072,98.394397605528,0.1437,24.7425
PKET087,PKET,2020-03-27 00:00:00,2020.2377049,87,-922365.11275,6250473.36489,869690.38010,47,433244.0770,872144.4483,7.889627385002,98.394397598296,0.1527,24.7515
PKET088,PKET,2020-03-28 00:00:00,2020.2404372,88,-922365.11049,6250473.35363,869690.37780,47,433244.0764,872144.4476,7.889627378637,98.394397592925,0.1410,24.7398
PKET089,PKET,2020-03-29 00:00:00,2020.2431694,89,-922365.11149,6250473.35434,869690.37882,47,433244.0773,872144.4485,7.889627386712,98.394397600967,0.1420,24.7408
PKET090,PKET,2020-03-30 00:00:00,2020.2459016,90,-922365.11150,6250473.35313,869690.37900,47,433244.0775,872144.4488,7.889627389787,98.394397602621,0.1408,24.7397
PKET091,PKET,2020-03-31 00:00:00,2020.2486339,91,-922365.11434,6250473.35471,869690.37840,47,433244.0801,872144.4480,7.889627381972,98.394397626042,0.1427,24.7415
PKET092,PKET,2020-04-01 00:00:00,2020.2513661,92,-922365.11343,6250473.35634,869690.37914,47,433244.0790,872144.4485,7.889627386779,98.394397615657,0.1443,24.7431
PKET093,PKET,2020-04-02 00:00:00,2020.2540984,93,-922365.11429,6250473.36538,869690.37861,47,433244.0785,872144.4467,7.889627370753,98.394397611430,0.1532,24.7520
PKET094,PKET,2020-04-03 00:00:00,2020.2568306,94,-922365.11361,6250473.36446,869690.37863,47,433244.0779,872144.4469,7.889627372163,98.394397606577,0.1522,24.7510
PKET095,PKET,2020-04-04 00:00:00,2020.2595628,95,-922365.11766,6250473.36390,869690.37857,47,433244.0820,872144.4468,7.889627371580,98.394397643656,0.1522,24.7510
PKET096,PKET,2020-04-05 00:00:00,2020.2622951,96,-922365.11536,6250473.35683,869690.37626,47,433244.0808,872144.4455,7.889627359985,98.394397632333,0.1446,24.7435
PKET097,PKET,2020-04-06 00:00:00,2020.2650273,97,-922365.11566,6250473.36487,869690.37949,47,433244.0799,872144.4476,7.889627378980,98.394397624409,0.1530,24.7518
PKET098,PKET,2020-04-07 00:00:00,2020.2677596,98,-922365.11296,6250473.36541,869690.37948,47,433244.0772,872144.4476,7.889627378756,98.394397599463,0.1531,24.7520
PKET099,PKET,2020-04-08 00:00:00,2020.2704918,99,-922365.11345,6250473.34887,869690.37692,47,433244.0801,872144.4473,7.889627376067,98.394397625751,0.1367,24.7355
PKET100,PKET,2020-04-09 00:00:00,2020.2732240,100,-922365.11229,6250473.35950,869690.37799,47,433244.0774,872144.4470,7.889627372745,98.394397601308,0.1470,24.7459
PKET101,PKET,2020-04-10 00:00:00,2020.2759563,101,-922365.11620,6250473.36604,869690.37829,47,433244.0803,872144.4463,7.889627366757,98.394397627657,0.1541,24.7529
PKET102,PKET,2020-04-11 00:00:00,2020.2786885,102,-922365.11158,6250473.35057,869690.37681,47,433244.0780,872144.4470,7.889627373269,98.394397606714,0.1380,24.7369
PKET103,PKET,2020-04-12 00:00:00,2020.2814208,103,-922365.11242,6250473.35800,869690.37781,47,433244.0777,872144.4470,7.889627373003,98.394397604402,0.1456,24.7444
PKET104,PKET,2020-04-13 00:00:00,2020.2841530,104,-922365.11478,6250473.35996,869690.37732,47,433244.0798,872144.4462,7.889627365754,98.394397623045,0.1478,24.7466
PKET105,PKET,2020-04-14 00:00:00,2020.2868852,105,-922365.11690,6250473.36955,869690.37933,47,433244.0805,872144.4468,7.889627371630,98.394397629321,0.1577,24.7566
PKET106,PKET,2020-04-15 00:00:00,2020.2896175,106,-922365.11615,6250473.37286,869690.37973,47,433244.0792,872144.4468,7.889627371226,98.394397618209,0.1609,24.7598
PKET107,PKET,2020-04-16 00:00:00,2020.2923497,107,-922365.11259,6250473.35585,869690.37713,47,433244.0782,872144.4466,7.889627369486,98.394397608812,0.1434,24.7422
PKET108,PKET,2020-04-17 00:00:00,2020.2950820,108,-922365.11388,6250473.35982,869690.38073,47,433244.0789,872144.4496,7.889627396671,98.394397615151,0.1480,24.7468
PKET109,PKET,2020-04-18 00:00:00,2020.2978142,109,-922365.10996,6250473.35375,869690.37852,47,433244.0759,872144.4483,7.889627385002,98.394397587950,0.1411,24.7400
PKET110,PKET,2020-04-19 00:00:00,2020.3005464,110,-922365.11260,6250473.35906,869690.37862,47,433244.0777,872144.4476,7.889627378865,98.394397604673,0.1467,24.7456
PKET111,PKET,2020-04-20 00:00:00,2020.3032787,111,-922365.11451,6250473.36228,869690.37924,47,433244.0792,872144.4478,7.889627380178,98.394397617532,0.1503,24.7491
PKET112,PKET,2020-04-21 00:00:00,2020.3060109,112,-922365.11475,6250473.35786,869690.37750,47,433244.0800,872144.4466,7.889627369921,98.394397625491,0.1457,24.7446
PKET113,PKET,2020-04-22 00:00:00,2020.3087432,113,-922365.11152,6250473.34972,869690.37632,47,433244.0780,872144.4467,7.889627369973,98.394397607345,0.1371,24.7360
PKET114,PKET,2020-04-23 00:00:00,2020.3114754,114,-922365.11319,6250473.34458,869690.37852,47,433244.0804,872144.4495,7.889627395684,98.394397629078,0.1326,24.7315
PKET115,PKET,2020-04-24 00:00:00,2020.3142077,115,-922365.11716,6250473.35693,869690.37450,47,433244.0825,872144.4438,7.889627343800,98.394397648365,0.1448,24.7436
PKET116,PKET,2020-04-25 00:00:00,2020.3169399,116,-922365.11511,6250473.34775,869690.37552,47,433244.0819,872144.4461,7.889627364602,98.394397642093,0.1356,24.7344
PKET117,PKET,2020-04-26 00:00:00,2020.3196721,117,-922365.11357,6250473.34722,869690.37466,47,433244.0804,872144.4453,7.889627357842,98.394397628992,0.1347,24.7336
PKET118,PKET,2020-04-27 00:00:00,2020.3224044,118,-922365.11153,6250473.34346,869690.37545,47,433244.0790,872144.4466,7.889627369829,98.394397615687,0.1309,24.7297
PKET119,PKET,2020-04-28 00:00:00,2020.3251366,119,-922365.11743,6250473.35629,869690.37867,47,433244.0829,872144.4480,7.889627381926,98.394397651615,0.1447,24.7436
PKET120,PKET,2020-04-29 00:00:00,2020.3278689,120,-922365.11578,6250473.36372,869690.38041,47,433244.0802,872144.4487,7.889627388665,98.394397627018,0.1520,24.7509
PKET121,PKET,2020-04-30 00:00:00,2020.3306011,121,-922365.11604,6250473.35521,869690.38075,47,433244.0817,872144.4502,7.889627402124,98.394397640587,0.1438,24.7426
PKET122,PKET,2020-05-01 00:00:00,2020.3333333,122,-922365.11482,6250473.36167,869690.38057,47,433244.0795,872144.4492,7.889627392758,98.394397621079,0.1499,24.7487
PKET123,PKET,2020-05-02 00:00:00,2020.3360656,123,-922365.11659,6250473.35320,869690.37513,47,433244.0825,872144.4449,7.889627354084,98.394397648198,0.1411,24.7399
PKET124,PKET,2020-05-03 00:00:00,2020.3387978,124,-922365.11179,6250473.34787,869690.37504,47,433244.0786,872144.4456,7.889627360708,98.394397612169,0.1352,24.7340
PKET125,PKET,2020-05-04 00:00:00,2020.3415301,125,-922365.11518,6250473.36143,869690.37493,47,433244.0799,872144.4436,7.889627342468,98.394397624662,0.1489,24.7478
PKET126,PKET,2020-05-05 00:00:00,2020.3442623,126,-922365.12048,6250473.36949,869690.37701,47,433244.0840,872144.4445,7.889627350266,98.394397661501,0.1579,24.7567
PKET127,PKET,2020-05-06 00:00:00,2020.3469945,127,-922365.11566,6250473.35644,869690.37743,47,433244.0811,872144.4468,7.889627370905,98.394397635515,0.1445,24.7433
PKET128,PKET,2020-05-07 00:00:00,2020.3497268,128,-922365.11416,6250473.36437,869690.37811,47,433244.0785,872144.4464,7.889627367565,98.394397611608,0.1521,24.7509
PKET129,PKET,2020-05-08 00:00:00,2020.3524590,129,-922365.11674,6250473.36576,869690.37976,47,433244.0809,872144.4478,7.889627380137,98.394397632955,0.1541,24.7529
PKET130,PKET,2020-05-09 00:00:00,2020.3551913,130,-922365.11322,6250473.35709,869690.37906,47,433244.0786,872144.4483,7.889627385187,98.394397612850,0.1450,24.7438
PKET131,PKET,2020-05-10 00:00:00,2020.3579235,131,-922365.10984,6250473.35090,869690.37453,47,433244.0762,872144.4448,7.889627352811,98.394397590702,0.1378,24.7366
PKET132,PKET,2020-05-11 00:00:00,2020.3606557,132,-922365.11399,6250473.36352,869690.37771,47,433244.0785,872144.4461,7.889627365041,98.394397611228,0.1512,24.7500
PKET133,PKET,2020-05-12 00:00:00,2020.3633880,133,-922365.11486,6250473.35937,869690.37802,47,433244.0799,872144.4470,7.889627372703,98.394397624500,0.1473,24.7461
PKET134,PKET,2020-05-13 00:00:00,2020.3661202,134,-922365.11543,6250473.37030,869690.37585,47,433244.0789,872144.4433,7.889627339802,98.394397615145,0.1578,24.7566
PKET135,PKET,2020-05-14 00:00:00,2020.3688525,135,-922365.11648,6250473.36419,869690.37871,47,433244.0808,872144.4469,7.889627372686,98.394397632632,0.1523,24.7512
PKET139,PKET,2020-05-18 00:00:00,2020.3797814,139,-922365.11467,6250473.36180,869690.37838,47,433244.0794,872144.4470,7.889627373034,98.394397619598,0.1497,24.7485
PKET140,PKET,2020-05-19 00:00:00,2020.3825137,140,-922365.11747,6250473.36080,869690.37606,47,433244.0823,872144.4448,7.889627352946,98.394397646051,0.1488,24.7476
PKET141,PKET,2020-05-20 00:00:00,2020.3852459,141,-922365.11609,6250473.35906,869690.37484,47,433244.0812,872144.4438,7.889627344374,98.394397635983,0.1467,24.7456
PKET142,PKET,2020-05-21 00:00:00,2020.3879781,142,-922365.11460,6250473.35556,869690.37627,47,433244.0802,872144.4458,7.889627361838,98.394397627189,0.1433,24.7421
PKET143,PKET,2020-05-22 00:00:00,2020.3907104,143,-922365.11676,6250473.35495,869690.38126,47,433244.0825,872144.4507,7.889627406848,98.394397647448,0.1437,24.7425
PKET144,PKET,2020-05-23 00:00:00,2020.3934426,144,-922365.11365,6250473.35973,869690.37862,47,433244.0787,872144.4475,7.889627377924,98.394397613134,0.1476,24.7464
PKET145,PKET,2020-05-24 00:00:00,2020.3961749,145,-922365.11395,6250473.35339,869690.37778,47,433244.0799,872144.4475,7.889627378067,98.394397624274,0.1413,24.7401
PKET146,PKET,2020-05-25 00:00:00,2020.3989071,146,-922365.11619,6250473.36096,869690.37911,47,433244.0810,872144.4478,7.889627380276,98.394397634317,0.1492,24.7480
PKET147,PKET,2020-05-26 00:00:00,2020.4016393,147,-922365.11614,6250473.36201,869690.37805,47,433244.0808,872144.4466,7.889627369530,98.394397632530,0.1501,24.7489
PKET148,PKET,2020-05-27 00:00:00,2020.4043716,148,-922365.11213,6250473.35416,869690.37853,47,433244.0780,872144.4482,7.889627384202,98.394397606882,0.1419,24.7407
PKET149,PKET,2020-05-28 00:00:00,2020.4071038,149,-922365.11592,6250473.36608,869690.37749,47,433244.0800,872144.4455,7.889627359598,98.394397625100,0.1540,24.7528
PKET150,PKET,2020-05-29 00:00:00,2020.4098361,150,-922365.11778,6250473.35619,869690.37894,47,433244.0833,872144.4482,7.889627384370,98.394397654947,0.1447,24.7436
PKET151,PKET,2020-05-30 00:00:00,2020.4125683,151,-922365.11776,6250473.35587,869690.37868,47,433244.0833,872144.4480,7.889627382456,98.394397655122,0.1444,24.7432
PKET152,PKET,2020-05-31 00:00:00,2020.4153005,152,-922365.11863,6250473.35145,869690.37432,47,433244.0848,872144.4443,7.889627348684,98.394397668816,0.1396,24.7384
PKET153,PKET,2020-06-01 00:00:00,2020.4180328,153,-922365.11699,6250473.35679,869690.37273,47,433244.0824,872144.4420,7.889627328139,98.394397647071,0.1444,24.7432
PKET154,PKET,2020-06-02 00:00:00,2020.4207650,154,-922365.11436,6250473.36440,869690.37313,47,433244.0787,872144.4414,7.889627322829,98.394397613407,0.1515,24.7503
PKET155,PKET,2020-06-03 00:00:00,2020.4234973,155,-922365.11432,6250473.36466,869690.37735,47,433244.0786,872144.4456,7.889627360305,98.394397612693,0.1523,24.7511
PKET156,PKET,2020-06-04 00:00:00,2020.4262295,156,-922365.11813,6250473.35489,869690.37619,47,433244.0838,872144.4457,7.889627361267,98.394397659738,0.1431,24.7420
PKET157,PKET,2020-06-05 00:00:00,2020.4289617,157,-922365.11362,6250473.35881,869690.37646,47,433244.0788,872144.4455,7.889627359646,98.394397614145,0.1463,24.7452
PKET158,PKET,2020-06-06 00:00:00,2020.4316940,158,-922365.11506,6250473.35328,869690.37376,47,433244.0810,872144.4436,7.889627342053,98.394397634392,0.1408,24.7396
PKET159,PKET,2020-06-07 00:00:00,2020.4344262,159,-922365.11438,6250473.36739,869690.37800,47,433244.0783,872144.4459,7.889627362812,98.394397609589,0.1551,24.7539
PKET160,PKET,2020-06-08 00:00:00,2020.4371585,160,-922365.11750,6250473.36519,869690.37735,47,433244.0817,872144.4454,7.889627359073,98.394397640506,0.1533,24.7521
PKET161,PKET,2020-06-09 00:00:00,2020.4398907,161,-922365.11804,6250473.36868,869690.38052,47,433244.0817,872144.4481,7.889627383083,98.394397640731,0.1572,24.7561
PKET162,PKET,2020-06-10 00:00:00,2020.4426230,162,-922365.11802,6250473.36459,869690.38143,47,433244.0823,872144.4496,7.889627396316,98.394397645982,0.1533,24.7522
PKET163,PKET,2020-06-11 00:00:00,2020.4453552,163,-922365.12006,6250473.36000,869690.37705,47,433244.0850,872144.4458,7.889627362353,98.394397670365,0.1485,24.7474
PKET164,PKET,2020-06-12 00:00:00,2020.4480874,164,-922365.11794,6250473.36214,869690.37425,47,433244.0826,872144.4428,7.889627335008,98.394397648438,0.1499,24.7488
PKET165,PKET,2020-06-13 00:00:00,2020.4508197,165,-922365.11982,6250473.36561,869690.37160,47,433244.0839,872144.4396,7.889627306696,98.394397660793,0.1532,24.7521
PKET166,PKET,2020-06-14 00:00:00,2020.4535519,166,-922365.11864,6250473.36228,869690.37607,47,433244.0832,872144.4446,7.889627351041,98.394397654584,0.1504,24.7493
PKET167,PKET,2020-06-15 00:00:00,2020.4562842,167,-922365.11512,6250473.34743,869690.37683,47,433244.0819,872144.4474,7.889627376732,98.394397642604,0.1355,24.7343
PKET168,PKET,2020-06-16 00:00:00,2020.4590164,168,-922365.11696,6250473.35833,869690.37464,47,433244.0822,872144.4437,7.889627343397,98.394397644752,0.1461,24.7449
PKET169,PKET,2020-06-17 00:00:00,2020.4617486,169,-922365.11956,6250473.36715,869690.37213,47,433244.0834,872144.4400,7.889627309555,98.394397656361,0.1548,24.7536
PKET170,PKET,2020-06-18 00:00:00,2020.4644809,170,-922365.11785,6250473.37057,869690.37594,47,433244.0812,872144.4433,7.889627339768,98.394397636467,0.1584,24.7572
PKET171,PKET,2020-06-19 00:00:00,2020.4672131,171,-922365.11824,6250473.35639,869690.37515,47,433244.0837,872144.4444,7.889627350060,98.394397658771,0.1445,24.7433
PKET172,PKET,2020-06-20 00:00:00,2020.4699454,172,-922365.11915,6250473.36563,869690.37545,47,433244.0832,872144.4435,7.889627341280,98.394397654709,0.1537,24.7525
PKET173,PKET,2020-06-21 00:00:00,2020.4726776,173,-922365.11370,6250473.35212,869690.37531,47,433244.0798,872144.4453,7.889627357571,98.394397623699,0.1396,24.7385
PKET174,PKET,2020-06-22 00:00:00,2020.4754098,174,-922365.11691,6250473.35377,869690.37272,47,433244.0828,872144.4424,7.889627331748,98.394397650357,0.1414,24.7402
PKET175,PKET,2020-06-23 00:00:00,2020.4781421,175,-922365.11743,6250473.36336,869690.37779,47,433244.0819,872144.4461,7.889627365337,98.394397642319,0.1515,24.7504
PKET176,PKET,2020-06-24 00:00:00,2020.4808743,176,-922365.12032,6250473.36622,869690.37474,47,433244.0843,872144.4427,7.889627333951,98.394397664387,0.1543,24.7532
PKET177,PKET,2020-06-25 00:00:00,2020.4836066,177,-922365.11881,6250473.35620,869690.37703,47,433244.0843,872144.4463,7.889627367038,98.394397664102,0.1446,24.7435
PKET178,PKET,2020-06-26 00:00:00,2020.4863388,178,-922365.11943,6250473.35379,869690.37616,47,433244.0853,872144.4458,7.889627362071,98.394397672903,0.1422,24.7411
PKET179,PKET,2020-06-27 00:00:00,2020.4890710,179,-922365.12048,6250473.37278,869690.37369,47,433244.0835,872144.4407,7.889627316459,98.394397657202,0.1607,24.7595
PKET180,PKET,2020-06-28 00:00:00,2020.4918033,180,-922365.11649,6250473.36086,869690.37402,47,433244.0813,872144.4428,7.889627334774,98.394397637185,0.1484,24.7473
PKET181,PKET,2020-06-29 00:00:00,2020.4945355,181,-922365.11332,6250473.34850,869690.37296,47,433244.0800,872144.4434,7.889627341017,98.394397625090,0.1357,24.7346
PKET182,PKET,2020-06-30 00:00:00,2020.4972678,182,-922365.11722,6250473.35641,869690.37131,47,433244.0827,872144.4407,7.889627315807,98.394397649574,0.1438,24.7426
PKET183,PKET,2020-07-01 00:00:00,2020.5000000,183,-922365.12259,6250473.36904,869690.37662,47,433244.0862,872144.4441,7.889627346906,98.394397681062,0.1577,24.7565
PKET184,PKET,2020-07-02 00:00:00,2020.5027322,184,-922365.11915,6250473.35664,869690.37609,47,433244.0846,872144.4453,7.889627358065,98.394397666645,0.1450,24.7438
PKET185,PKET,2020-07-03 00:00:00,2020.5054645,185,-922365.11962,6250473.35652,869690.37677,47,433244.0850,872144.4460,7.889627364186,98.394397670988,0.1450,24.7439
PKET186,PKET,2020-07-04 00:00:00,2020.5081967,186,-922365.11727,6250473.35892,869690.37648,47,433244.0824,872144.4454,7.889627359028,98.394397646745,0.1470,24.7458
PKET187,PKET,2020-07-05 00:00:00,2020.5109290,187,-922365.12344,6250473.37538,869690.37897,47,433244.0861,872144.4455,7.889627360048,98.394397680294,0.1644,24.7632
PKET188,PKET,2020-07-06 00:00:00,2020.5136612,188,-922365.11846,6250473.35298,869690.37417,47,433244.0844,872144.4439,7.889627345426,98.394397665306,0.1410,24.7399
PKET189,PKET,2020-07-07 00:00:00,2020.5163934,189,-922365.11717,6250473.35489,869690.37658,47,433244.0829,872144.4461,7.889627364885,98.394397651158,0.1430,24.7419
PKET190,PKET,2020-07-08 00:00:00,2020.5191257,190,-922365.11841,6250473.35907,869690.37411,47,433244.0835,872144.4430,7.889627337412,98.394397656705,0.1470,24.7458
PKET191,PKET,2020-07-09 00:00:00,2020.5218579,191,-922365.11629,6250473.36163,869690.37542,47,433244.0810,872144.4440,7.889627346388,98.394397634349,0.1494,24.7482
PKET192,PKET,2020-07-10 00:00:00,2020.5245902,192,-922365.11840,6250473.34491,869690.37074,47,433244.0855,872144.4416,7.889627324619,98.394397675393,0.1326,24.7315
PKET193,PKET,2020-07-11 00:00:00,2020.5273224,193,-922365.11821,6250473.35044,869690.37488,47,433244.0845,872144.4450,7.889627355009,98.394397666405,0.1386,24.7374
PKET194,PKET,2020-07-12 00:00:00,2020.5300546,194,-922365.11845,6250473.35757,869690.37379,47,433244.0837,872144.4429,7.889627336441,98.394397659096,0.1455,24.7443
PKET195,PKET,2020-07-13 00:00:00,2020.5327869,195,-922365.11982,6250473.36247,869690.37573,47,433244.0844,872144.4442,7.889627347483,98.394397664889,0.1507,24.7496
PKET196,PKET,2020-07-14 00:00:00,2020.5355191,196,-922365.11523,6250473.35374,869690.37451,47,433244.0811,872144.4442,7.889627348116,98.394397635246,0.1413,24.7402
PKET197,PKET,2020-07-15 00:00:00,2020.5382514,197,-922365.11745,6250473.35261,869690.37366,47,433244.0835,872144.4435,7.889627341482,98.394397656742,0.1404,24.7393
PKET198,PKET,2020-07-16 00:00:00,2020.5409836,198,-922365.11806,6250473.37232,869690.37602,47,433244.0812,872144.4432,7.889627338359,98.394397636033,0.1602,24.7590
PKET199,PKET,2020-07-17 00:00:00,2020.5437158,199,-922365.12064,6250473.36005,869690.37203,47,433244.0855,872144.4408,7.889627317206,98.394397675481,0.1480,24.7468
PKET200,PKET,2020-07-18 00:00:00,2020.5464481,200,-922365.11939,6250473.36325,869690.37479,47,433244.0838,872144.4431,7.889627338213,98.394397660034,0.1513,24.7501
PKET201,PKET,2020-07-19 00:00:00,2020.5491803,201,-922365.11927,6250473.35773,869690.37355,47,433244.0845,872144.4427,7.889627333879,98.394397666274,0.1457,24.7445
PKET202,PKET,2020-07-20 00:00:00,2020.5519126,202,-922365.11856,6250473.34539,869690.37216,47,433244.0856,872144.4430,7.889627336769,98.394397676226,0.1333,24.7322
PKET203,PKET,2020-07-21 00:00:00,2020.5546448,203,-922365.12185,6250473.37490,869690.37778,47,433244.0846,872144.4445,7.889627350229,98.394397666639,0.1635,24.7623
PKET204,PKET,2020-07-22 00:00:00,2020.5573770,204,-922365.11461,6250473.34531,869690.36948,47,433244.0817,872144.4404,7.889627313520,98.394397640906,0.1323,24.7311
PKET205,PKET,2020-07-23 00:00:00,2020.5601093,205,-922365.12011,6250473.35215,869690.36843,47,433244.0862,872144.4383,7.889627294776,98.394397681171,0.1397,24.7385
PKET206,PKET,2020-07-24 00:00:00,2020.5628415,206,-922365.12167,6250473.35574,869690.37220,47,433244.0872,872144.4415,7.889627323831,98.394397690399,0.1439,24.7428
PKET207,PKET,2020-07-25 00:00:00,2020.5655738,207,-922365.11623,6250473.34463,869690.37001,47,433244.0834,872144.4410,7.889627318861,98.394397656289,0.1319,24.7308
PKET208,PKET,2020-07-26 00:00:00,2020.5683060,208,-922365.11590,6250473.34488,869690.37091,47,433244.0831,872144.4419,7.889627326697,98.394397653018,0.1323,24.7311
PKET209,PKET,2020-07-27 00:00:00,2020.5710383,209,-922365.12216,6250473.35970,869690.37236,47,433244.0871,872144.4412,7.889627320329,98.394397689583,0.1479,24.7467
PKET210,PKET,2020-07-28 00:00:00,2020.5737705,210,-922365.11714,6250473.35194,869690.37146,47,433244.0833,872144.4414,7.889627322692,98.394397654816,0.1394,24.7383
PKET211,PKET,2020-07-29 00:00:00,2020.5765027,211,-922365.11822,6250473.35934,869690.37152,47,433244.0832,872144.4405,7.889627313957,98.394397654666,0.1469,24.7457
PKET212,PKET,2020-07-30 00:00:00,2020.5792350,212,-922365.11705,6250473.35966,869690.37225,47,433244.0820,872144.4412,7.889627320326,98.394397643740,0.1471,24.7459
PKET213,PKET,2020-07-31 00:00:00,2020.5819672,213,-922365.11963,6250473.36012,869690.37388,47,433244.0845,872144.4427,7.889627333866,98.394397666299,0.1482,24.7470
PKET214,PKET,2020-08-01 00:00:00,2020.5846995,214,-922365.11688,6250473.37235,869690.37711,47,433244.0800,872144.4443,7.889627348304,98.394397625420,0.1602,24.7590
PKET215,PKET,2020-08-02 00:00:00,2020.5874317,215,-922365.11325,6250473.35089,869690.38001,47,433244.0796,872144.4501,7.889627401226,98.394397621276,0.1390,24.7379
PKET216,PKET,2020-08-03 00:00:00,2020.5901639,216,-922365.11571,6250473.35693,869690.37471,47,433244.0811,872144.4440,7.889627345942,98.394397635355,0.1446,24.7434
PKET217,PKET,2020-08-04 00:00:00,2020.5928962,217,-922365.11608,6250473.34683,869690.37228,47,433244.0830,872144.4429,7.889627336496,98.394397652015,0.1344,24.7332
PKET218,PKET,2020-08-05 00:00:00,2020.5956284,218,-922365.12186,6250473.36346,869690.37677,47,433244.0862,872144.4450,7.889627355229,98.394397681882,0.1521,24.7510
PKET219,PKET,2020-08-06 00:00:00,2020.5983607,219,-922365.11626,6250473.35126,869690.37207,47,433244.0825,872144.4421,7.889627329155,98.394397647803,0.1387,24.7376
PKET220,PKET,2020-08-07 00:00:00,2020.6010929,220,-922365.11610,6250473.36087,869690.37178,47,433244.0809,872144.4406,7.889627314821,98.394397633664,0.1481,24.7469
PKET221,PKET,2020-08-08 00:00:00,2020.6038251,221,-922365.11814,6250473.35318,869690.36990,47,433244.0841,872144.4397,7.889627307056,98.394397662113,0.1406,24.7394
PKET222,PKET,2020-08-09 00:00:00,2020.6065574,222,-922365.11822,6250473.35785,869690.37385,47,433244.0835,872144.4430,7.889627336642,98.394397656628,0.1457,24.7445
PKET223,PKET,2020-08-10 00:00:00,2020.6092896,223,-922365.11666,6250473.35176,869690.36948,47,433244.0828,872144.4395,7.889627305250,98.394397650689,0.1389,24.7378
PKET224,PKET,2020-08-11 00:00:00,2020.6120219,224,-922365.11454,6250473.36051,869690.37279,47,433244.0794,872144.4416,7.889627324517,98.394397620095,0.1477,24.7465
PKET225,PKET,2020-08-12 00:00:00,2020.6147541,225,-922365.11637,6250473.35246,869690.37172,47,433244.0824,872144.4416,7.889627324549,98.394397647214,0.1399,24.7387
PKET226,PKET,2020-08-13 00:00:00,2020.6174863,226,-922365.11730,6250473.36153,869690.37927,47,433244.0820,872144.4479,7.889627380863,98.394397643525,0.1499,24.7488
PKET227,PKET,2020-08-14 00:00:00,2020.6202186,227,-922365.11576,6250473.35084,869690.37201,47,433244.0821,872144.4421,7.889627329203,98.394397643922,0.1382,24.7371
PKET228,PKET,2020-08-15 00:00:00,2020.6229508,228,-922365.12107,6250473.36142,869690.37698,47,433244.0858,872144.4455,7.889627359746,98.394397677470,0.1501,24.7489
PKET229,PKET,2020-08-16 00:00:00,2020.6256831,229,-922365.11532,6250473.35459,869690.37383,47,433244.0811,872144.4434,7.889627341035,98.394397634964,0.1421,24.7409
PKET230,PKET,2020-08-17 00:00:00,2020.6284153,230,-922365.11861,6250473.35705,869690.37087,47,433244.0840,872144.4401,7.889627310870,98.394397661230,0.1446,24.7434
PKET231,PKET,2020-08-18 00:00:00,2020.6311475,231,-922365.12064,6250473.34979,869690.37054,47,433244.0870,872144.4407,7.889627316442,98.394397689026,0.1377,24.7365
PKET232,PKET,2020-08-19 00:00:00,2020.6338798,232,-922365.11712,6250473.34347,869690.37044,47,433244.0845,872144.4416,7.889627324005,98.394397665830,0.1310,24.7298
PKET233,PKET,2020-08-20 00:00:00,2020.6366120,233,-922365.11861,6250473.35560,869690.37373,47,433244.0842,872144.4431,7.889627338244,98.394397663151,0.1435,24.7424
PKET234,PKET,2020-08-21 00:00:00,2020.6393443,234,-922365.12434,6250473.36325,869690.37197,47,433244.0887,872144.4402,7.889627312039,98.394397704438,0.1516,24.7505
PKET235,PKET,2020-08-22 00:00:00,2020.6420765,235,-922365.11629,6250473.34810,869690.36958,47,433244.0830,872144.4401,7.889627310697,98.394397652231,0.1353,24.7341
PKET236,PKET,2020-08-23 00:00:00,2020.6448087,236,-922365.11575,6250473.34194,869690.37056,47,433244.0833,872144.4419,7.889627327165,98.394397655597,0.1293,24.7282
PKET237,PKET,2020-08-24 00:00:00,2020.6475410,237,-922365.11577,6250473.34527,869690.36985,47,433244.0829,872144.4408,7.889627316743,98.394397651383,0.1325,24.7313
PKET238,PKET,2020-08-25 00:00:00,2020.6502732,238,-922365.11399,6250473.34044,869690.36642,47,433244.0818,872144.4381,7.889627292228,98.394397641739,0.1270,24.7259
PKET239,PKET,2020-08-26 00:00:00,2020.6530055,239,-922365.11449,6250473.34599,869690.37097,47,433244.0815,872144.4418,7.889627326102,98.394397638911,0.1332,24.7320
PKET240,PKET,2020-08-27 00:00:00,2020.6557377,240,-922365.11795,6250473.35719,869690.37474,47,433244.0833,872144.4439,7.889627345433,98.394397655099,0.1452,24.7440
PKET241,PKET,2020-08-28 00:00:00,2020.6584699,241,-922365.11547,6250473.35325,869690.37365,47,433244.0814,872144.4434,7.889627340992,98.394397638116,0.1408,24.7396
PKET242,PKET,2020-08-29 00:00:00,2020.6612022,242,-922365.11737,6250473.35759,869690.37585,47,433244.0827,872144.4450,7.889627355015,98.394397649362,0.1456,24.7444
PKET243,PKET,2020-08-30 00:00:00,2020.6639344,243,-922365.11164,6250473.33624,869690.36945,47,433244.0801,872144.4417,7.889627324972,98.394397626242,0.1230,24.7218
PKET244,PKET,2020-08-31 00:00:00,2020.6666667,244,-922365.12101,6250473.35454,869690.37474,47,433244.0867,872144.4442,7.889627348136,98.394397686082,0.1430,24.7418
PKET245,PKET,2020-09-01 00:00:00,2020.6693989,245,-922365.11671,6250473.34810,869690.37070,47,433244.0834,872144.4412,7.889627320673,98.394397656058,0.1355,24.7343
PKET246,PKET,2020-09-02 00:00:00,2020.6721311,246,-922365.11495,6250473.34508,869690.37227,47,433244.0821,872144.4432,7.889627338817,98.394397644264,0.1325,24.7313
PKET247,PKET,2020-09-03 00:00:00,2020.6748634,247,-922365.11760,6250473.34126,869690.36931,47,433244.0853,872144.4407,7.889627316515,98.394397673027,0.1287,24.7276
PKET248,PKET,2020-09-04 00:00:00,2020.6775956,248,-922365.12069,6250473.35765,869690.37260,47,433244.0859,872144.4417,7.889627325263,98.394397679120,0.1457,24.7445
PKET249,PKET,2020-09-05 00:00:00,2020.6803279,249,-922365.11367,6250473.34175,869690.36751,47,433244.0813,872144.4390,7.889627300474,98.394397637185,0.1284,24.7272
PKET250,PKET,2020-09-06 00:00:00,2020.6830601,250,-922365.11709,6250473.34438,869690.36893,47,433244.0843,872144.4399,7.889627309335,98.394397664384,0.1317,24.7305
PKET251,PKET,2020-09-07 00:00:00,2020.6857923,251,-922365.11557,6250473.35203,869690.37130,47,433244.0817,872144.4413,7.889627321396,98.394397640557,0.1393,24.7381
PKET252,PKET,2020-09-08 00:00:00,2020.6885246,252,-922365.11680,6250473.35324,869690.36968,47,433244.0827,872144.4395,7.889627305222,98.394397650011,0.1404,24.7392
PKET253,PKET,2020-09-09 00:00:00,2020.6912568,253,-922365.11135,6250473.33628,869690.36654,47,433244.0798,872144.4388,7.889627298935,98.394397623582,0.1226,24.7214
PKET254,PKET,2020-09-10 00:00:00,2020.6939891,254,-922365.11729,6250473.35512,869690.37446,47,433244.0829,872144.4440,7.889627345669,98.394397651954,0.1430,24.7418
PKET255,PKET,2020-09-11 00:00:00,2020.6967213,255,-922365.11559,6250473.35181,869690.36924,47,433244.0817,872144.4393,7.889627303286,98.394397641101,0.1388,24.7376
PKET256,PKET,2020-09-12 00:00:00,2020.6994536,256,-922365.11471,6250473.34766,869690.37476,47,433244.0815,872144.4453,7.889627357955,98.394397638630,0.1353,24.7342
PKET257,PKET,2020-09-13 00:00:00,2020.7021858,257,-922365.11621,6250473.35275,869690.37052,47,433244.0822,872144.4404,7.889627313461,98.394397645361,0.1400,24.7388
PKET258,PKET,2020-09-14 00:00:00,2020.7049180,258,-922365.11705,6250473.36081,869690.37259,47,433244.0819,872144.4413,7.889627321900,98.394397642299,0.1483,24.7471
PKET259,PKET,2020-09-15 00:00:00,2020.7076503,259,-922365.11359,6250473.34581,869690.37174,47,433244.0806,872144.4426,7.889627333411,98.394397631042,0.1330,24.7318
PKET260,PKET,2020-09-16 00:00:00,2020.7103825,260,-922365.11896,6250473.34522,869690.36931,47,433244.0860,872144.4402,7.889627311383,98.394397680051,0.1328,24.7317
PKET261,PKET,2020-09-17 00:00:00,2020.7131148,261,-922365.11405,6250473.33815,869690.37021,47,433244.0822,872144.4421,7.889627329014,98.394397645338,0.1253,24.7241
PKET262,PKET,2020-09-18 00:00:00,2020.7158470,262,-922365.11087,6250473.33691,869690.37150,47,433244.0793,872144.4436,7.889627342646,98.394397618438,0.1238,24.7226
PKET263,PKET,2020-09-19 00:00:00,2020.7185792,263,-922365.11397,6250473.34128,869690.37023,47,433244.0817,872144.4417,7.889627325374,98.394397640498,0.1284,24.7272
PKET264,PKET,2020-09-20 00:00:00,2020.7213115,264,-922365.11695,6250473.34818,869690.36889,47,433244.0836,872144.4394,7.889627304327,98.394397658087,0.1354,24.7342
PKET265,PKET,2020-09-21 00:00:00,2020.7240437,265,-922365.11751,6250473.34636,869690.36672,47,433244.0844,872144.4375,7.889627287066,98.394397665548,0.1334,24.7322
PKET266,PKET,2020-09-22 00:00:00,2020.7267760,266,-922365.11840,6250473.34820,869690.36842,47,433244.0850,872144.4389,7.889627299862,98.394397671007,0.1355,24.7344
PKET267,PKET,2020-09-23 00:00:00,2020.7295082,267,-922365.11606,6250473.35283,869690.37316,47,433244.0821,872144.4430,7.889627336995,98.394397643946,0.1404,24.7392
PKET268,PKET,2020-09-24 00:00:00,2020.7322404,268,-922365.11725,6250473.35053,869690.37115,47,433244.0836,872144.4413,7.889627321623,98.394397657687,0.1380,24.7369
PKET269,PKET,2020-09-25 00:00:00,2020.7349727,269,-922365.12136,6250473.36117,869690.37287,47,433244.0861,872144.4415,7.889627323265,98.394397680476,0.1493,24.7481
PKET270,PKET,2020-09-26 00:00:00,2020.7377049,270,-922365.12092,6250473.35753,869690.37394,47,433244.0862,872144.4430,7.889627337399,98.394397681272,0.1458,24.7446
PKET271,PKET,2020-09-27 00:00:00,2020.7404372,271,-922365.12110,6250473.35703,869690.37349,47,433244.0864,872144.4427,7.889627333937,98.394397683549,0.1453,24.7441
PKET272,PKET,2020-09-28 00:00:00,2020.7431694,272,-922365.12337,6250473.36521,869690.37532,47,433244.0875,872144.4433,7.889627339875,98.394397693138,0.1539,24.7527
PKET273,PKET,2020-09-29 00:00:00,2020.7459016,273,-922365.12090,6250473.34412,869690.37104,47,433244.0881,872144.4420,7.889627327839,98.394397698912,0.1323,24.7311
PKET274,PKET,2020-09-30 00:00:00,2020.7486339,274,-922365.12229,6250473.35704,869690.37409,47,433244.0876,872144.4432,7.889627339020,98.394397694286,0.1455,24.7444
PKET275,PKET,2020-10-01 00:00:00,2020.7513661,275,-922365.12011,6250473.35007,869690.37375,47,433244.0865,872144.4439,7.889627344982,98.394397683917,0.1384,24.7372
PKET276,PKET,2020-10-02 00:00:00,2020.7540984,276,-922365.11748,6250473.34275,869690.37160,47,433244.0849,872144.4428,7.889627335208,98.394397670051,0.1305,24.7293
PKET277,PKET,2020-10-03 00:00:00,2020.7568306,277,-922365.11641,6250473.35419,869690.37002,47,433244.0822,872144.4397,7.889627307194,98.394397645268,0.1413,24.7402
PKET278,PKET,2020-10-04 00:00:00,2020.7595628,278,-922365.11722,6250473.35797,869690.37360,47,433244.0825,872144.4427,7.889627334407,98.394397647562,0.1457,24.7445
PKET279,PKET,2020-10-05 00:00:00,2020.7622951,279,-922365.11999,6250473.34568,869690.36987,47,433244.0870,872144.4406,7.889627315637,98.394397688676,0.1335,24.7323
PKET280,PKET,2020-10-06 00:00:00,2020.7650273,280,-922365.11900,6250473.34683,869690.36968,47,433244.0858,872144.4403,7.889627312659,98.394397678207,0.1345,24.7333
PKET281,PKET,2020-10-07 00:00:00,2020.7677596,281,-922365.11606,6250473.34807,869690.37056,47,433244.0827,872144.4411,7.889627319604,98.394397650206,0.1354,24.7342
PKET282,PKET,2020-10-08 00:00:00,2020.7704918,282,-922365.11913,6250473.36435,869690.37631,47,433244.0834,872144.4445,7.889627350532,98.394397656261,0.1526,24.7514
PKET283,PKET,2020-10-09 00:00:00,2020.7732240,283,-922365.12026,6250473.36638,869690.37458,47,433244.0842,872144.4425,7.889627332301,98.394397663692,0.1545,24.7533
PKET284,PKET,2020-10-10 00:00:00,2020.7759563,284,-922365.12223,6250473.36093,869690.37104,47,433244.0870,872144.4397,7.889627307004,98.394397688595,0.1489,24.7478
PKET285,PKET,2020-10-11 00:00:00,2020.7786885,285,-922365.12226,6250473.35245,869690.37326,47,433244.0882,872144.4430,7.889627337294,98.394397700072,0.1409,24.7398
PKET286,PKET,2020-10-12 00:00:00,2020.7814208,286,-922365.12274,6250473.35038,869690.37060,47,433244.0890,872144.4407,7.889627315867,98.394397707130,0.1386,24.7374
PKET287,PKET,2020-10-13 00:00:00,2020.7841530,287,-922365.12007,6250473.35939,869690.37112,47,433244.0851,872144.4400,7.889627309973,98.394397671255,0.1471,24.7460
PKET288,PKET,2020-10-14 00:00:00,2020.7868852,288,-922365.11853,6250473.35013,869690.37217,47,433244.0849,872144.4423,7.889627331001,98.394397669693,0.1380,24.7368
PKET289,PKET,2020-10-15 00:00:00,2020.7896175,289,-922365.11734,6250473.34646,869690.37305,47,433244.0843,872144.4437,7.889627343650,98.394397663875,0.1343,24.7332
PKET290,PKET,2020-10-16 00:00:00,2020.7923497,290,-922365.12304,6250473.36033,869690.37093,47,433244.0879,872144.4396,7.889627306569,98.394397696648,0.1484,24.7473
PKET291,PKET,2020-10-17 00:00:00,2020.7950820,291,-922365.12316,6250473.33118,869690.36744,47,433244.0922,872144.4401,7.889627311090,98.394397736275,0.1194,24.7183
PKET292,PKET,2020-10-18 00:00:00,2020.7978142,292,-922365.11697,6250473.33581,869690.36597,47,433244.0854,872144.4382,7.889627293380,98.394397674632,0.1229,24.7217
PKET293,PKET,2020-10-19 00:00:00,2020.8005464,293,-922365.11680,6250473.34626,869690.36935,47,433244.0837,872144.4401,7.889627310839,98.394397659265,0.1335,24.7324
PKET294,PKET,2020-10-20 00:00:00,2020.8032787,294,-922365.11952,6250473.34663,869690.36818,47,433244.0864,872144.4388,7.889627299365,98.394397683172,0.1341,24.7330
PKET295,PKET,2020-10-21 00:00:00,2020.8060109,295,-922365.11582,6250473.33977,869690.36830,47,433244.0837,872144.4400,7.889627309543,98.394397659026,0.1269,24.7257
PKET296,PKET,2020-10-22 00:00:00,2020.8087432,296,-922365.12092,6250473.34916,869690.36944,47,433244.0874,872144.4397,7.889627307291,98.394397692356,0.1370,24.7358
PKET297,PKET,2020-10-23 00:00:00,2020.8114754,297,-922365.12021,6250473.33812,869690.37206,47,433244.0883,872144.4438,7.889627344527,98.394397700617,0.1264,24.7253
PKET298,PKET,2020-10-24 00:00:00,2020.8142077,298,-922365.12495,6250473.35524,869690.37331,47,433244.0905,872144.4426,7.889627333796,98.394397720535,0.1441,24.7429
PKET299,PKET,2020-10-25 00:00:00,2020.8169399,299,-922365.11978,6250473.34415,869690.37151,47,433244.0870,872144.4425,7.889627332203,98.394397688819,0.1322,24.7310
PKET300,PKET,2020-10-26 00:00:00,2020.8196721,300,-922365.11848,6250473.33768,869690.37344,47,433244.0867,872144.4453,7.889627357680,98.394397685663,0.1259,24.7248
PKET301,PKET,2020-10-27 00:00:00,2020.8224044,301,-922365.11943,6250473.34986,869690.37213,47,433244.0858,872144.4423,7.889627330870,98.394397678131,0.1378,24.7367
PKET302,PKET,2020-10-28 00:00:00,2020.8251366,302,-922365.12300,6250473.34562,869690.37305,47,433244.0900,872144.4437,7.889627343641,98.394397715761,0.1343,24.7331
PKET303,PKET,2020-10-29 00:00:00,2020.8278689,303,-922365.12241,6250473.34644,869690.37228,47,433244.0893,872144.4429,7.889627335845,98.394397709381,0.1349,24.7338
PKET304,PKET,2020-10-30 00:00:00,2020.8306011,304,-922365.12026,6250473.34237,869690.37102,47,433244.0877,872144.4422,7.889627329920,98.394397695484,0.1305,24.7293
PKET305,PKET,2020-10-31 00:00:00,2020.8333333,305,-922365.11888,6250473.34276,869690.37028,47,433244.0863,872144.4415,7.889627323087,98.394397682565,0.1305,24.7294
PKET306,PKET,2020-11-01 00:00:00,2020.8360656,306,-922365.12037,6250473.34592,869690.37433,47,433244.0873,872144.4450,7.889627355226,98.394397691745,0.1344,24.7332
PKET307,PKET,2020-11-02 00:00:00,2020.8387978,307,-922365.12120,6250473.34476,869690.37327,47,433244.0883,872144.4441,7.889627346992,98.394397700701,0.1332,24.7321
PKET308,PKET,2020-11-03 00:00:00,2020.8415301,308,-922365.12064,6250473.34192,869690.37266,47,433244.0882,872144.4439,7.889627345144,98.394397699434,0.1303,24.7291
PKET309,PKET,2020-11-04 00:00:00,2020.8442623,309,-922365.12472,6250473.35288,869690.37614,47,433244.0906,872144.4458,7.889627362057,98.394397721519,0.1421,24.7409
PKET310,PKET,2020-11-05 00:00:00,2020.8469945,310,-922365.12579,6250473.35990,869690.37445,47,433244.0906,872144.4431,7.889627338114,98.394397721847,0.1489,24.7477
PKET311,PKET,2020-11-06 00:00:00,2020.8497268,311,-922365.12155,6250473.33988,869690.37109,47,433244.0894,872144.4426,7.889627333429,98.394397710310,0.1282,24.7270
PKET312,PKET,2020-11-07 00:00:00,2020.8524590,312,-922365.12692,6250473.35480,869690.37728,47,433244.0925,872144.4466,7.889627369496,98.394397738797,0.1445,24.7433
PKET313,PKET,2020-11-08 00:00:00,2020.8551913,313,-922365.12648,6250473.34652,869690.37137,47,433244.0933,872144.4419,7.889627326851,98.394397745797,0.1355,24.7343
PKET314,PKET,2020-11-09 00:00:00,2020.8579235,314,-922365.12335,6250473.34451,869690.37436,47,433244.0905,872144.4452,7.889627356653,98.394397720354,0.1335,24.7323
PKET315,PKET,2020-11-10 00:00:00,2020.8606557,315,-922365.12464,6250473.35557,869690.37163,47,433244.0901,872144.4409,7.889627318401,98.394397717251,0.1441,24.7429
PKET316,PKET,2020-11-11 00:00:00,2020.8633880,316,-922365.12384,6250473.35098,869690.36918,47,433244.0900,872144.4391,7.889627302253,98.394397716207,0.1392,24.7380
PKET317,PKET,2020-11-12 00:00:00,2020.8661202,317,-922365.12620,6250473.33683,869690.36991,47,433244.0944,872144.4417,7.889627325680,98.394397756062,0.1257,24.7246
PKET318,PKET,2020-11-13 00:00:00,2020.8688525,318,-922365.12317,6250473.33235,869690.36828,47,433244.0921,872144.4408,7.889627317153,98.394397734818,0.1207,24.7195
PKET319,PKET,2020-11-14 00:00:00,2020.8715847,319,-922365.12437,6250473.35907,869690.37305,47,433244.0894,872144.4419,7.889627326875,98.394397710248,0.1477,24.7465
PKET320,PKET,2020-11-15 00:00:00,2020.8743169,320,-922365.12141,6250473.34088,869690.37105,47,433244.0891,872144.4424,7.889627331842,98.394397707787,0.1292,24.7280
PKET321,PKET,2020-11-16 00:00:00,2020.8770492,321,-922365.12436,6250473.34973,869690.37167,47,433244.0907,872144.4418,7.889627325991,98.394397722458,0.1383,24.7372
PKET322,PKET,2020-11-17 00:00:00,2020.8797814,322,-922365.12117,6250473.33551,869690.36949,47,433244.0896,872144.4416,7.889627324506,98.394397712709,0.1237,24.7225
PKET323,PKET,2020-11-18 00:00:00,2020.8825137,323,-922365.12627,6250473.35391,869690.37424,47,433244.0920,872144.4437,7.889627343514,98.394397734134,0.1431,24.7419
PKET324,PKET,2020-11-19 00:00:00,2020.8852459,324,-922365.12535,6250473.34775,869690.37377,47,433244.0920,872144.4441,7.889627347019,98.394397734034,0.1368,24.7357
PKET325,PKET,2020-11-20 00:00:00,2020.8879781,325,-922365.12488,6250473.35946,869690.37374,47,433244.0898,872144.4425,7.889627332487,98.394397714252,0.1482,24.7471
PKET326,PKET,2020-11-21 00:00:00,2020.8907104,326,-922365.12569,6250473.35199,869690.37458,47,433244.0917,872144.4443,7.889627348981,98.394397731428,0.1412,24.7400
PKET327,PKET,2020-11-22 00:00:00,2020.8934426,327,-922365.12197,6250473.33749,869690.37216,47,433244.0901,872144.4440,7.889627345810,98.394397717214,0.1261,24.7249
PKET328,PKET,2020-11-23 00:00:00,2020.8961749,328,-922365.12258,6250473.34632,869690.36701,47,433244.0894,872144.4377,7.889627288782,98.394397711005,0.1341,24.7329
PKET329,PKET,2020-11-24 00:00:00,2020.8989071,329,-922365.12128,6250473.34191,869690.36960,47,433244.0888,872144.4408,7.889627317602,98.394397705224,0.1300,24.7288
PKET330,PKET,2020-11-25 00:00:00,2020.9016393,330,-922365.12249,6250473.34878,869690.37044,47,433244.0890,872144.4407,7.889627316452,98.394397707017,0.1370,24.7358
PKET331,PKET,2020-11-26 00:00:00,2020.9043716,331,-922365.12593,6250473.34955,869690.37265,47,433244.0923,872144.4427,7.889627334647,98.394397736811,0.1385,24.7374
PKET332,PKET,2020-11-27 00:00:00,2020.9071038,332,-922365.12481,6250473.34946,869690.36824,47,433244.0912,872144.4384,7.889627295490,98.394397726917,0.1377,24.7365
PKET333,PKET,2020-11-28 00:00:00,2020.9098361,333,-922365.12596,6250473.34845,869690.37158,47,433244.0925,872144.4418,7.889627326459,98.394397738538,0.1373,24.7361
PKET334,PKET,2020-11-29 00:00:00,2020.9125683,334,-922365.12411,6250473.36122,869690.37568,47,433244.0888,872144.4442,7.889627347808,98.394397705071,0.1501,24.7490
PKET335,PKET,2020-11-30 00:00:00,2020.9153005,335,-922365.12489,6250473.35600,869690.37313,47,433244.0903,872144.4424,7.889627331282,98.394397718929,0.1448,24.7436
PKET336,PKET,2020-12-01 00:00:00,2020.9180328,336,-922365.12290,6250473.35516,869690.36942,47,433244.0885,872144.4388,7.889627299462,98.394397702210,0.1432,24.7420
PKET337,PKET,2020-12-02 00:00:00,2020.9207650,337,-922365.12308,6250473.35279,869690.37263,47,433244.0890,872144.4423,7.889627331006,98.394397706938,0.1413,24.7401
PKET338,PKET,2020-12-03 00:00:00,2020.9234973,338,-922365.12539,6250473.35505,869690.37229,47,433244.0910,872144.4416,7.889627324857,98.394397724719,0.1438,24.7426
PKET339,PKET,2020-12-04 00:00:00,2020.9262295,339,-922365.12586,6250473.33781,869690.36698,47,433244.0939,872144.4387,7.889627298372,98.394397751712,0.1262,24.7251
PKET340,PKET,2020-12-05 00:00:00,2020.9289617,340,-922365.12368,6250473.35649,869690.37560,47,433244.0891,872144.4448,7.889627353013,98.394397707430,0.1454,24.7442
PKET341,PKET,2020-12-06 00:00:00,2020.9316940,341,-922365.12542,6250473.34793,869690.37244,47,433244.0920,872144.4428,7.889627334900,98.394397734369,0.1368,24.7357
PKET342,PKET,2020-12-07 00:00:00,2020.9344262,342,-922365.12894,6250473.35345,869690.37282,47,433244.0947,872144.4423,7.889627330926,98.394397758679,0.1428,24.7416
PKET343,PKET,2020-12-08 00:00:00,2020.9371585,343,-922365.12388,6250473.34283,869690.37017,47,433244.0913,872144.4412,7.889627321116,98.394397727331,0.1313,24.7301
PKET344,PKET,2020-12-09 00:00:00,2020.9398907,344,-922365.12387,6250473.34576,869690.36893,47,433244.0908,872144.4396,7.889627306397,98.394397723399,0.1340,24.7328
PKET345,PKET,2020-12-10 00:00:00,2020.9426230,345,-922365.12577,6250473.35427,869690.36881,47,433244.0914,872144.4383,7.889627294573,98.394397729129,0.1426,24.7414
PKET346,PKET,2020-12-11 00:00:00,2020.9453552,346,-922365.12719,6250473.35692,869690.37314,47,433244.0925,872144.4422,7.889627329819,98.394397738391,0.1460,24.7448
PKET347,PKET,2020-12-12 00:00:00,2020.9480874,347,-922365.12517,6250473.35838,869690.36894,47,433244.0903,872144.4379,7.889627290725,98.394397718328,0.1466,24.7454
PKET348,PKET,2020-12-13 00:00:00,2020.9508197,348,-922365.12307,6250473.34492,869690.37227,47,433244.0901,872144.4430,7.889627337509,98.394397717255,0.1335,24.7324
PKET349,PKET,2020-12-14 00:00:00,2020.9535519,349,-922365.12270,6250473.35051,869690.37127,47,433244.0890,872144.4413,7.889627321695,98.394397706597,0.1388,24.7377
PKET350,PKET,2020-12-15 00:00:00,2020.9562842,350,-922365.12786,6250473.35984,869690.37202,47,433244.0927,872144.4407,7.889627316090,98.394397740545,0.1488,24.7476
PKET351,PKET,2020-12-16 00:00:00,2020.9590164,351,-922365.12213,6250473.34282,869690.37144,47,433244.0895,872144.4425,7.889627332799,98.394397711666,0.1312,24.7301
PKET352,PKET,2020-12-17 00:00:00,2020.9617486,352,-922365.12387,6250473.35753,869690.37640,47,433244.0891,872144.4454,7.889627358897,98.394397707816,0.1466,24.7454
PKET353,PKET,2020-12-18 00:00:00,2020.9644809,353,-922365.12504,6250473.35922,869690.37221,47,433244.0900,872144.4410,7.889627319086,98.394397716033,0.1478,24.7466
PKET354,PKET,2020-12-19 00:00:00,2020.9672131,354,-922365.12570,6250473.35804,869690.37217,47,433244.0908,872144.4411,7.889627320045,98.394397723488,0.1467,24.7456
PKET355,PKET,2020-12-20 00:00:00,2020.9699454,355,-922365.12456,6250473.35291,869690.37112,47,433244.0904,872144.4408,7.889627317123,98.394397720070,0.1414,24.7402
PKET356,PKET,2020-12-21 00:00:00,2020.9726776,356,-922365.12642,6250473.35202,869690.37086,47,433244.0924,872144.4406,7.889627315559,98.394397737985,0.1408,24.7396
PKET357,PKET,2020-12-22 00:00:00,2020.9754098,357,-922365.12699,6250473.35810,869690.36958,47,433244.0921,872144.4385,7.889627296474,98.394397735053,0.1466,24.7455
PKET358,PKET,2020-12-23 00:00:00,2020.9781421,358,-922365.12360,6250473.35420,869690.37034,47,433244.0893,872144.4399,7.889627308702,98.394397709794,0.1424,24.7413
PKET359,PKET,2020-12-24 00:00:00,2020.9808743,359,-922365.12409,6250473.34989,869690.36887,47,433244.0904,872144.4390,7.889627300740,98.394397719850,0.1381,24.7369
PKET360,PKET,2020-12-25 00:00:00,2020.9836066,360,-922365.12119,6250473.35097,869690.36974,47,433244.0874,872144.4398,7.889627307716,98.394397692405,0.1388,24.7377
PKET361,PKET,2020-12-26 00:00:00,2020.9863388,361,-922365.12572,6250473.35096,869690.36972,47,433244.0919,872144.4396,7.889627306736,98.394397733035,0.1395,24.7383
PKET362,PKET,2020-12-27 00:00:00,2020.9890710,362,-922365.12661,6250473.35550,869690.37081,47,433244.0921,872144.4401,7.889627310825,98.394397735009,0.1442,24.7430
PKET363,PKET,2020-12-28 00:00:00,2020.9918033,363,-922365.12799,6250473.35319,869690.37246,47,433244.0938,872144.4420,7.889627328116,98.394397750470,0.1424,24.7412
PKET364,PKET,2020-12-29 00:00:00,2020.9945355,364,-922365.12807,6250473.36667,869690.37280,47,433244.0919,872144.4405,7.889627314583,98.394397733335,0.1556,24.7545
PKET365,PKET,2020-12-30 00:00:00,2020.9972678,365,-922365.13202,6250473.37281,869690.37630,47,433244.0949,872144.4431,7.889627337690,98.394397760650,0.1627,24.7615
PKET366,PKET,2020-12-31 00:00:00,2021.0000000,366,-922365.12710,6250473.34107,869690.36780,47,433244.0947,872144.4391,7.889627301473,98.394397758564,0.1297,24.7286
